query_id,entry_id,cosine_dist,relevant
Q01,1,0.34199604392051697,1
Q01,96,0.3834644854068756,0
Q01,99,0.3965149521827698,0
Q01,43,0.39948582649230957,0
Q01,91,0.4014929533004761,0
Q01,49,0.4071807265281677,0
Q01,95,0.4140850007534027,0
Q01,100,0.41830959916114807,0
Q01,51,0.42055729031562805,0
Q01,62,0.42155009508132935,0
Q01,8,0.43089279532432556,1
Q01,92,0.4339970350265503,0
Q01,67,0.4350554049015045,0
Q01,9,0.4350624680519104,1
Q01,10,0.44280385971069336,1
Q01,63,0.4440308213233948,0
Q01,80,0.44540882110595703,0
Q01,34,0.44919976592063904,0
Q01,46,0.4529446065425873,0
Q01,69,0.4539274573326111,0
Q01,33,0.4545985162258148,0
Q01,71,0.4557237923145294,0
Q01,61,0.4562534689903259,0
Q01,39,0.4563595652580261,0
Q01,65,0.46204277873039246,0
Q01,72,0.46495580673217773,0
Q01,12,0.4658985137939453,0
Q01,50,0.46675798296928406,0
Q01,45,0.46824511885643005,0
Q01,29,0.4685538113117218,0
Q01,4,0.4711737334728241,1
Q01,6,0.47528937458992004,1
Q01,74,0.47610461711883545,0
Q01,97,0.47624877095222473,0
Q01,2,0.4778296947479248,1
Q01,21,0.4796735644340515,0
Q01,52,0.4803728461265564,0
Q01,37,0.48136988282203674,0
Q01,84,0.484646737575531,0
Q01,77,0.48466938734054565,0
Q01,64,0.4874434471130371,0
Q01,47,0.4896295666694641,0
Q01,93,0.49141645431518555,0
Q01,87,0.49172523617744446,0
Q01,42,0.4918297231197357,0
Q01,75,0.4939391613006592,0
Q01,79,0.4959369897842407,0
Q01,70,0.500512957572937,0
Q01,15,0.5014219880104065,0
Q01,5,0.5020521879196167,1
Q01,81,0.5030319690704346,0
Q01,60,0.5038142204284668,0
Q01,7,0.5039409399032593,1
Q01,66,0.5065403580665588,0
Q01,57,0.5065979361534119,0
Q01,27,0.5068070888519287,0
Q01,3,0.5080994963645935,1
Q01,86,0.5104341506958008,0
Q01,55,0.5119635462760925,0
Q01,23,0.5122430324554443,0
Q01,59,0.5137563943862915,0
Q01,94,0.5142136216163635,0
Q01,41,0.5151243209838867,0
Q01,89,0.5161321759223938,0
Q01,36,0.5185459852218628,0
Q01,32,0.5190168023109436,0
Q01,16,0.5190291404724121,0
Q01,44,0.5192456245422363,0
Q01,56,0.5221500992774963,0
Q01,73,0.5251407027244568,0
Q01,58,0.5266841650009155,0
Q01,18,0.5272477865219116,0
Q01,83,0.5273557901382446,0
Q01,98,0.5284972786903381,0
Q01,54,0.5314469337463379,0
Q01,35,0.5325375199317932,0
Q01,88,0.5341624617576599,0
Q01,68,0.5359087586402893,0
Q01,13,0.5360358953475952,0
Q01,38,0.536119818687439,0
Q01,20,0.5370060205459595,0
Q01,19,0.5385472178459167,0
Q01,90,0.5400525331497192,0
Q01,26,0.5405877828598022,0
Q01,22,0.5413134098052979,0
Q01,48,0.5440232157707214,0
Q01,17,0.5448896288871765,0
Q01,40,0.5457177758216858,0
Q01,82,0.5474730730056763,0
Q01,78,0.5511022210121155,0
Q01,14,0.5512605905532837,0
Q01,24,0.5550237894058228,0
Q01,31,0.5599883198738098,0
Q01,76,0.5604420304298401,0
Q01,11,0.567380964756012,0
Q01,25,0.5757312774658203,0
Q01,30,0.5762603282928467,0
Q01,53,0.5777590870857239,0
Q01,85,0.5780242085456848,0
Q01,28,0.606611967086792,0
Q02,13,0.1963724046945572,1
Q02,11,0.20219367742538452,1
Q02,14,0.2752439081668854,1
Q02,16,0.28116151690483093,1
Q02,17,0.29129040241241455,1
Q02,12,0.31040042638778687,1
Q02,19,0.3298477232456207,1
Q02,75,0.4151062071323395,0
Q02,18,0.41686123609542847,1
Q02,77,0.44817060232162476,0
Q02,29,0.44884318113327026,0
Q02,79,0.4526357054710388,0
Q02,23,0.4536186754703522,0
Q02,82,0.4538215696811676,0
Q02,57,0.4626082479953766,0
Q02,37,0.46685990691185,0
Q02,92,0.4675298035144806,0
Q02,38,0.4677301049232483,0
Q02,7,0.46927669644355774,0
Q02,22,0.4710747003555298,0
Q02,68,0.4736693203449249,0
Q02,90,0.47599077224731445,0
Q02,98,0.4785631597042084,0
Q02,27,0.48027899861335754,0
Q02,46,0.4816822111606598,0
Q02,73,0.4829505980014801,0
Q02,96,0.48296085000038147,0
Q02,15,0.4837906062602997,1
Q02,30,0.48392781615257263,0
Q02,59,0.4839879870414734,0
Q02,26,0.4845922589302063,0
Q02,93,0.4853057265281677,0
Q02,6,0.48704978823661804,0
Q02,33,0.48805132508277893,0
Q02,41,0.4888797700405121,0
Q02,70,0.48923158645629883,0
Q02,66,0.48981019854545593,0
Q02,32,0.4913252890110016,0
Q02,89,0.4928878843784332,0
Q02,88,0.4944745898246765,0
Q02,72,0.49524903297424316,0
Q02,21,0.49606335163116455,0
Q02,34,0.4971013069152832,0
Q02,58,0.4985980987548828,0
Q02,49,0.49942266941070557,0
Q02,8,0.50081866979599,0
Q02,9,0.5034464597702026,0
Q02,25,0.50483638048172,0
Q02,78,0.5048732161521912,0
Q02,35,0.5068302154541016,0
Q02,63,0.5077342987060547,0
Q02,80,0.5086395144462585,0
Q02,62,0.5092818737030029,0
Q02,65,0.5106357336044312,0
Q02,64,0.510978102684021,0
Q02,97,0.5130586624145508,0
Q02,10,0.5131699442863464,0
Q02,60,0.513247549533844,0
Q02,51,0.5149692296981812,0
Q02,87,0.515474259853363,0
Q02,67,0.5160003304481506,0
Q02,20,0.5174621939659119,1
Q02,47,0.5199564695358276,0
Q02,69,0.5234145522117615,0
Q02,5,0.5254954695701599,0
Q02,81,0.5267423391342163,0
Q02,99,0.5278618335723877,0
Q02,53,0.5296438932418823,0
Q02,3,0.5297413468360901,0
Q02,39,0.5323909521102905,0
Q02,83,0.5337830185890198,0
Q02,76,0.5351042151451111,0
Q02,95,0.5351815223693848,0
Q02,36,0.5357787609100342,0
Q02,54,0.5358959436416626,0
Q02,74,0.5368809103965759,0
Q02,100,0.5399935245513916,0
Q02,40,0.5439740419387817,0
Q02,45,0.5440137982368469,0
Q02,4,0.5444572567939758,0
Q02,43,0.5446123480796814,0
Q02,31,0.5457123517990112,0
Q02,91,0.5491346120834351,0
Q02,71,0.5500498414039612,0
Q02,86,0.5507768392562866,0
Q02,84,0.5528048276901245,0
Q02,52,0.55399489402771,0
Q02,48,0.5562387108802795,0
Q02,28,0.5604685544967651,0
Q02,1,0.5606929659843445,0
Q02,24,0.5627138018608093,0
Q02,61,0.5669983625411987,0
Q02,56,0.5698215961456299,0
Q02,50,0.5747348666191101,0
Q02,2,0.5762931108474731,0
Q02,44,0.5886062979698181,0
Q02,55,0.5928462743759155,0
Q02,85,0.597359836101532,0
Q02,94,0.603320300579071,0
Q02,42,0.654052197933197,0
Q03,73,0.2255886048078537,0
Q03,28,0.29452869296073914,1
Q03,22,0.3038041293621063,1
Q03,24,0.3420086205005646,1
Q03,78,0.38057658076286316,0
Q03,27,0.3828836977481842,1
Q03,26,0.38840267062187195,1
Q03,89,0.3920098543167114,0
Q03,90,0.3993184268474579,0
Q03,29,0.4014260470867157,1
Q03,30,0.4021546244621277,1
Q03,20,0.4257587194442749,0
Q03,19,0.42612725496292114,0
Q03,76,0.42879340052604675,0
Q03,23,0.43178653717041016,1
Q03,16,0.4350009858608246,0
Q03,77,0.43792271614074707,0
Q03,4,0.4499127268791199,0
Q03,86,0.45230409502983093,0
Q03,98,0.4553823471069336,0
Q03,25,0.45675042271614075,1
Q03,82,0.4598580598831177,0
Q03,100,0.45998504757881165,0
Q03,32,0.4602961540222168,0
Q03,35,0.4603908658027649,0
Q03,59,0.46614181995391846,0
Q03,8,0.47001922130584717,0
Q03,17,0.47210973501205444,0
Q03,47,0.4743210971355438,0
Q03,54,0.4768296182155609,0
Q03,45,0.48017290234565735,0
Q03,75,0.4803299009799957,0
Q03,18,0.48277491331100464,0
Q03,3,0.4831996262073517,0
Q03,40,0.48321887850761414,0
Q03,38,0.4841424822807312,0
Q03,15,0.48427045345306396,0
Q03,9,0.48856016993522644,0
Q03,93,0.48989996314048767,0
Q03,21,0.4902566373348236,1
Q03,5,0.49103298783302307,0
Q03,11,0.49132320284843445,0
Q03,46,0.49193981289863586,0
Q03,31,0.49210166931152344,0
Q03,71,0.4944409430027008,0
Q03,57,0.4948098659515381,0
Q03,92,0.49712446331977844,0
Q03,36,0.49767357110977173,0
Q03,12,0.4979754686355591,0
Q03,58,0.49877092242240906,0
Q03,60,0.5007073283195496,0
Q03,13,0.5008344650268555,0
Q03,80,0.5041868686676025,0
Q03,7,0.5049421191215515,0
Q03,96,0.5053272247314453,0
Q03,83,0.5057259798049927,0
Q03,85,0.5061134696006775,0
Q03,39,0.5124601125717163,0
Q03,64,0.5132011771202087,0
Q03,55,0.5135031938552856,0
Q03,62,0.5140081644058228,0
Q03,84,0.5162620544433594,0
Q03,48,0.5185341835021973,0
Q03,87,0.5191217660903931,0
Q03,44,0.5204450488090515,0
Q03,14,0.5210323333740234,0
Q03,74,0.5217703580856323,0
Q03,72,0.5270177721977234,0
Q03,99,0.5272959470748901,0
Q03,50,0.5278350114822388,0
Q03,6,0.5293411612510681,0
Q03,79,0.531179666519165,0
Q03,43,0.5354113578796387,0
Q03,34,0.5355222821235657,0
Q03,10,0.5367022156715393,0
Q03,41,0.5379807353019714,0
Q03,66,0.5393336415290833,0
Q03,53,0.5407050251960754,0
Q03,91,0.5408018827438354,0
Q03,51,0.543368935585022,0
Q03,61,0.5501919984817505,0
Q03,97,0.5509225726127625,0
Q03,1,0.5526127815246582,0
Q03,95,0.5543597340583801,0
Q03,49,0.55811607837677,0
Q03,70,0.5596755146980286,0
Q03,2,0.562500536441803,0
Q03,65,0.563764750957489,0
Q03,88,0.5667067766189575,0
Q03,37,0.5668386220932007,0
Q03,81,0.5683477520942688,0
Q03,33,0.5699464678764343,0
Q03,67,0.5708434581756592,0
Q03,52,0.5767213106155396,0
Q03,63,0.5779600143432617,0
Q03,94,0.5790377259254456,0
Q03,42,0.5809875130653381,0
Q03,56,0.5833144187927246,0
Q03,68,0.5871858596801758,0
Q03,69,0.6216551661491394,0
Q04,31,0.3266940712928772,1
Q04,62,0.3499795198440552,0
Q04,67,0.3573492467403412,0
Q04,33,0.38885167241096497,1
Q04,97,0.3979525864124298,0
Q04,7,0.3988930881023407,0
Q04,65,0.41511958837509155,0
Q04,12,0.4198777377605438,0
Q04,90,0.42011526226997375,0
Q04,96,0.4205438494682312,0
Q04,16,0.42130282521247864,0
Q04,95,0.42181938886642456,0
Q04,36,0.42470839619636536,1
Q04,38,0.424891859292984,1
Q04,69,0.42570027709007263,0
Q04,34,0.42631810903549194,1
Q04,63,0.42646852135658264,0
Q04,13,0.4296594560146332,0
Q04,80,0.43003973364830017,0
Q04,43,0.4302788972854614,0
Q04,70,0.4314839541912079,0
Q04,19,0.43294697999954224,0
Q04,98,0.43413594365119934,0
Q04,100,0.4359675645828247,0
Q04,91,0.43636462092399597,0
Q04,57,0.4365481734275818,0
Q04,11,0.4370355010032654,0
Q04,66,0.4376811385154724,0
Q04,9,0.43783870339393616,0
Q04,1,0.43906211853027344,0
Q04,89,0.43997228145599365,0
Q04,25,0.4399948716163635,0
Q04,21,0.441528856754303,0
Q04,6,0.44172579050064087,0
Q04,79,0.4419232904911041,0
Q04,51,0.4422544836997986,0
Q04,64,0.4426954686641693,0
Q04,23,0.4465768337249756,0
Q04,46,0.44693779945373535,0
Q04,40,0.44698837399482727,1
Q04,72,0.44700485467910767,0
Q04,14,0.44873321056365967,0
Q04,84,0.4496154487133026,0
Q04,87,0.4521395266056061,0
Q04,39,0.452616423368454,1
Q04,37,0.4527207314968109,1
Q04,17,0.45314881205558777,0
Q04,61,0.4540964663028717,0
Q04,29,0.45443084836006165,0
Q04,93,0.45640087127685547,0
Q04,75,0.45656728744506836,0
Q04,59,0.4580986201763153,0
Q04,22,0.45816585421562195,0
Q04,27,0.4603213965892792,0
Q04,49,0.46153759956359863,0
Q04,71,0.46240371465682983,0
Q04,47,0.4632794260978699,0
Q04,53,0.4636952877044678,0
Q04,3,0.46434277296066284,0
Q04,26,0.46471285820007324,0
Q04,78,0.46631577610969543,0
Q04,10,0.4683413803577423,0
Q04,8,0.46967872977256775,0
Q04,4,0.4697535037994385,0
Q04,58,0.47278082370758057,0
Q04,99,0.47393906116485596,0
Q04,68,0.4742555320262909,0
Q04,18,0.4749663770198822,0
Q04,74,0.4780552387237549,0
Q04,30,0.48447829484939575,0
Q04,81,0.48504695296287537,0
Q04,94,0.4883827865123749,0
Q04,41,0.4894005358219147,0
Q04,35,0.49105146527290344,1
Q04,52,0.49203887581825256,0
Q04,83,0.49264606833457947,0
Q04,92,0.4937134087085724,0
Q04,86,0.4954756200313568,0
Q04,45,0.49622634053230286,0
Q04,32,0.49730661511421204,1
Q04,2,0.49831423163414,0
Q04,54,0.4994473457336426,0
Q04,73,0.49986734986305237,0
Q04,20,0.5007508993148804,0
Q04,88,0.5034151077270508,0
Q04,42,0.503433108329773,0
Q04,82,0.5045230984687805,0
Q04,48,0.5066253542900085,0
Q04,5,0.5088530778884888,0
Q04,15,0.5103215575218201,0
Q04,56,0.5103641152381897,0
Q04,76,0.5216865539550781,0
Q04,77,0.5249661207199097,0
Q04,60,0.5312625169754028,0
Q04,24,0.5377260446548462,0
Q04,55,0.5494935512542725,0
Q04,28,0.5625171661376953,0
Q04,50,0.5635765194892883,0
Q04,85,0.5788788199424744,0
Q04,44,0.5790097117424011,0
Q05,46,0.22262440621852875,1
Q05,43,0.2720699906349182,1
Q05,58,0.28512105345726013,0
Q05,95,0.30026403069496155,0
Q05,15,0.30375275015830994,0
Q05,48,0.3242834806442261,1
Q05,1,0.33771389722824097,0
Q05,91,0.3426419496536255,0
Q05,32,0.35508865118026733,0
Q05,45,0.3587391972541809,1
Q05,41,0.36127158999443054,1
Q05,61,0.3658314645290375,0
Q05,72,0.3704124391078949,0
Q05,49,0.37080442905426025,1
Q05,34,0.3743610382080078,0
Q05,94,0.3766867220401764,0
Q05,60,0.3785453736782074,0
Q05,30,0.38297221064567566,0
Q05,36,0.38331425189971924,0
Q05,50,0.3888373076915741,1
Q05,47,0.39005011320114136,1
Q05,9,0.3930492699146271,0
Q05,78,0.3943098485469818,0
Q05,74,0.39432796835899353,0
Q05,64,0.39716875553131104,0
Q05,8,0.39775505661964417,0
Q05,52,0.40044981241226196,0
Q05,24,0.4019274115562439,0
Q05,65,0.4026620090007782,0
Q05,54,0.4050808250904083,0
Q05,93,0.4056139290332794,0
Q05,27,0.40593263506889343,0
Q05,2,0.40595757961273193,0
Q05,96,0.41447874903678894,0
Q05,63,0.41509610414505005,0
Q05,71,0.41567346453666687,0
Q05,62,0.4163082540035248,0
Q05,68,0.4172961413860321,0
Q05,76,0.4188481569290161,0
Q05,80,0.4194563031196594,0
Q05,51,0.42017504572868347,0
Q05,77,0.42029377818107605,0
Q05,75,0.4215504825115204,0
Q05,3,0.4227677583694458,0
Q05,23,0.4240754544734955,0
Q05,53,0.4240850806236267,0
Q05,92,0.4303576648235321,0
Q05,56,0.4308890104293823,0
Q05,10,0.43112093210220337,0
Q05,40,0.4319685697555542,0
Q05,69,0.4319779872894287,0
Q05,12,0.43216753005981445,0
Q05,6,0.43385210633277893,0
Q05,21,0.43428099155426025,0
Q05,98,0.4360664188861847,0
Q05,57,0.4386560022830963,0
Q05,90,0.4396977722644806,0
Q05,100,0.4397631883621216,0
Q05,31,0.4437321424484253,0
Q05,4,0.44377458095550537,0
Q05,35,0.44599422812461853,0
Q05,39,0.4471801221370697,0
Q05,22,0.44755783677101135,0
Q05,42,0.4479534924030304,1
Q05,33,0.4492154121398926,0
Q05,79,0.4495438039302826,0
Q05,55,0.4507046043872833,0
Q05,7,0.4523356258869171,0
Q05,67,0.4556649625301361,0
Q05,26,0.4566836953163147,0
Q05,44,0.4599451422691345,1
Q05,59,0.4621897041797638,0
Q05,29,0.46298864483833313,0
Q05,70,0.4709036350250244,0
Q05,83,0.4765373766422272,0
Q05,89,0.47709447145462036,0
Q05,97,0.4787716269493103,0
Q05,38,0.48106250166893005,0
Q05,73,0.4820452630519867,0
Q05,99,0.4822743535041809,0
Q05,28,0.4822847843170166,0
Q05,20,0.48237377405166626,0
Q05,19,0.48566487431526184,0
Q05,87,0.4879455864429474,0
Q05,81,0.4936929941177368,0
Q05,25,0.49376463890075684,0
Q05,86,0.4976085424423218,0
Q05,13,0.498358815908432,0
Q05,66,0.500246524810791,0
Q05,5,0.5008247494697571,0
Q05,14,0.5009393692016602,0
Q05,17,0.5048534274101257,0
Q05,37,0.5051900744438171,0
Q05,18,0.5090712904930115,0
Q05,16,0.5120367407798767,0
Q05,82,0.5124142169952393,0
Q05,11,0.5165209174156189,0
Q05,85,0.5191611051559448,0
Q05,88,0.5415688753128052,0
Q05,84,0.543887734413147,0
Q06,90,0.3429855704307556,0
Q06,51,0.3964008390903473,1
Q06,70,0.40241461992263794,0
Q06,9,0.4127069413661957,0
Q06,4,0.42235299944877625,0
Q06,59,0.42259499430656433,1
Q06,61,0.4318709373474121,0
Q06,80,0.44062167406082153,0
Q06,58,0.44087451696395874,1
Q06,31,0.4418422281742096,0
Q06,10,0.4418873190879822,0
Q06,62,0.44338417053222656,0
Q06,72,0.44424888491630554,0
Q06,8,0.44493576884269714,0
Q06,3,0.44539979100227356,0
Q06,46,0.4461546242237091,0
Q06,38,0.4480092525482178,0
Q06,98,0.44830042123794556,0
Q06,15,0.45122990012168884,0
Q06,89,0.4513508379459381,0
Q06,27,0.453177273273468,0
Q06,100,0.45401909947395325,0
Q06,91,0.45503711700439453,0
Q06,33,0.455404132604599,0
Q06,6,0.45569899678230286,0
Q06,52,0.4571431279182434,1
Q06,26,0.4576854109764099,0
Q06,95,0.4598095118999481,0
Q06,73,0.4606867730617523,0
Q06,34,0.4635687470436096,0
Q06,97,0.4691585600376129,0
Q06,23,0.46934381127357483,0
Q06,1,0.46967074275016785,0
Q06,76,0.46979549527168274,0
Q06,96,0.4702853560447693,0
Q06,78,0.47100377082824707,0
Q06,87,0.4714782238006592,0
Q06,12,0.4718587398529053,0
Q06,64,0.47238630056381226,0
Q06,94,0.4731554388999939,0
Q06,2,0.47389787435531616,0
Q06,19,0.4739701747894287,0
Q06,66,0.4752694070339203,0
Q06,43,0.4770476222038269,0
Q06,99,0.4790193736553192,0
Q06,39,0.47910717129707336,0
Q06,67,0.4795823097229004,0
Q06,32,0.48064714670181274,0
Q06,7,0.4809300899505615,0
Q06,25,0.48110541701316833,0
Q06,36,0.48177993297576904,0
Q06,79,0.48209187388420105,0
Q06,21,0.4827575385570526,0
Q06,29,0.4829533100128174,0
Q06,24,0.4842034876346588,0
Q06,71,0.48534122109413147,0
Q06,22,0.48577365279197693,0
Q06,93,0.4865042269229889,0
Q06,47,0.4867416322231293,0
Q06,75,0.4876876175403595,0
Q06,57,0.48884379863739014,1
Q06,16,0.4889216721057892,0
Q06,40,0.4904789626598358,0
Q06,18,0.49066609144210815,0
Q06,54,0.49102267622947693,1
Q06,14,0.49232080578804016,0
Q06,81,0.4924173653125763,0
Q06,74,0.4932660162448883,0
Q06,68,0.4939851760864258,0
Q06,69,0.49461987614631653,0
Q06,86,0.4961221218109131,0
Q06,50,0.4962077736854553,0
Q06,48,0.49855390191078186,0
Q06,65,0.5014709830284119,0
Q06,5,0.5016661882400513,0
Q06,13,0.5027032494544983,0
Q06,35,0.5064023733139038,0
Q06,84,0.5069905519485474,0
Q06,45,0.508047878742218,0
Q06,20,0.509972870349884,0
Q06,63,0.5109189748764038,0
Q06,42,0.5118783116340637,0
Q06,56,0.5126456022262573,1
Q06,49,0.5130888223648071,0
Q06,11,0.5133565068244934,0
Q06,30,0.5146155953407288,0
Q06,41,0.5149703025817871,0
Q06,92,0.5184071660041809,0
Q06,77,0.5194399952888489,0
Q06,28,0.5195639729499817,0
Q06,60,0.527667224407196,1
Q06,55,0.5291889309883118,1
Q06,17,0.5339349508285522,0
Q06,53,0.533997654914856,1
Q06,82,0.5365791916847229,0
Q06,83,0.5372963547706604,0
Q06,37,0.548915684223175,0
Q06,85,0.5529046654701233,0
Q06,88,0.567863941192627,0
Q06,44,0.575395941734314,0
Q07,67,0.35102471709251404,1
Q07,64,0.3749726116657257,1
Q07,21,0.38382837176322937,0
Q07,3,0.3869796693325043,0
Q07,6,0.40031957626342773,0
Q07,10,0.40290793776512146,0
Q07,61,0.40490347146987915,1
Q07,9,0.40612608194351196,0
Q07,62,0.41224396228790283,1
Q07,65,0.4135666489601135,1
Q07,69,0.41379326581954956,1
Q07,89,0.4160897433757782,0
Q07,98,0.4181056022644043,0
Q07,51,0.4195171296596527,0
Q07,31,0.42238351702690125,0
Q07,92,0.42375648021698,0
Q07,63,0.4259900152683258,1
Q07,34,0.426273375749588,0
Q07,23,0.42914462089538574,0
Q07,90,0.4306679368019104,0
Q07,87,0.43413442373275757,0
Q07,46,0.4341640770435333,0
Q07,27,0.4342697858810425,0
Q07,70,0.43708065152168274,1
Q07,49,0.44257158041000366,0
Q07,12,0.44522109627723694,0
Q07,29,0.4483625292778015,0
Q07,33,0.4506509602069855,0
Q07,91,0.45328420400619507,0
Q07,43,0.45618700981140137,0
Q07,95,0.4563474655151367,0
Q07,40,0.4563997685909271,0
Q07,81,0.458850622177124,0
Q07,97,0.4593425989151001,0
Q07,82,0.4603796601295471,0
Q07,96,0.46374309062957764,0
Q07,2,0.4671393036842346,0
Q07,83,0.46754103899002075,0
Q07,68,0.4677925705909729,1
Q07,32,0.4681083559989929,0
Q07,1,0.46918773651123047,0
Q07,72,0.46996793150901794,0
Q07,8,0.47092586755752563,0
Q07,14,0.47179117798805237,0
Q07,93,0.472074419260025,0
Q07,38,0.47422218322753906,0
Q07,80,0.47805312275886536,0
Q07,25,0.4788217842578888,0
Q07,15,0.4790801405906677,0
Q07,94,0.4794508218765259,0
Q07,36,0.48045486211776733,0
Q07,85,0.48051562905311584,0
Q07,100,0.48269158601760864,0
Q07,66,0.483583927154541,1
Q07,37,0.48553550243377686,0
Q07,22,0.4855401813983917,0
Q07,60,0.4873148202896118,0
Q07,71,0.4876888692378998,0
Q07,56,0.4887223541736603,0
Q07,7,0.4887400269508362,0
Q07,59,0.4903615415096283,0
Q07,58,0.4904640018939972,0
Q07,78,0.49066251516342163,0
Q07,30,0.49155354499816895,0
Q07,39,0.49220380187034607,0
Q07,54,0.49382492899894714,0
Q07,52,0.49735331535339355,0
Q07,75,0.4987345039844513,0
Q07,53,0.4988345205783844,0
Q07,42,0.5008922219276428,0
Q07,19,0.5016811490058899,0
Q07,50,0.5054103136062622,0
Q07,20,0.5068948864936829,0
Q07,13,0.508694589138031,0
Q07,74,0.5104629397392273,0
Q07,4,0.5113955736160278,0
Q07,79,0.512307345867157,0
Q07,84,0.5123138427734375,0
Q07,57,0.5125958323478699,0
Q07,18,0.5152314901351929,0
Q07,26,0.5195661783218384,0
Q07,86,0.520052969455719,0
Q07,47,0.5207757949829102,0
Q07,73,0.521507978439331,0
Q07,16,0.5219895243644714,0
Q07,48,0.523146390914917,0
Q07,5,0.5234845280647278,0
Q07,44,0.5254559516906738,0
Q07,76,0.5261681079864502,0
Q07,45,0.5270181894302368,0
Q07,11,0.5301473736763,0
Q07,88,0.5303760170936584,0
Q07,99,0.5321750640869141,0
Q07,35,0.5325607061386108,0
Q07,17,0.5368924736976624,0
Q07,77,0.5385739803314209,0
Q07,41,0.5404018759727478,0
Q07,24,0.5551409721374512,0
Q07,55,0.5593118071556091,0
Q07,28,0.5858500003814697,0
Q08,75,0.31295809149742126,1
Q08,76,0.3424600064754486,1
Q08,71,0.35953429341316223,1
Q08,50,0.4189835488796234,0
Q08,78,0.4351971447467804,1
Q08,72,0.43857377767562866,1
Q08,90,0.47186797857284546,0
Q08,77,0.47648438811302185,1
Q08,64,0.4805918335914612,0
Q08,73,0.4933524429798126,1
Q08,96,0.49901363253593445,0
Q08,3,0.5028311014175415,0
Q08,46,0.5107665657997131,0
Q08,22,0.5127485990524292,0
Q08,83,0.5162026286125183,0
Q08,91,0.5251870155334473,0
Q08,1,0.525478184223175,0
Q08,31,0.525942862033844,0
Q08,8,0.5352737307548523,0
Q08,95,0.5376990437507629,0
Q08,51,0.5382884740829468,0
Q08,36,0.5387469530105591,0
Q08,4,0.5394526124000549,0
Q08,43,0.5404555201530457,0
Q08,34,0.5420635342597961,0
Q08,58,0.5476840734481812,0
Q08,15,0.5477712750434875,0
Q08,10,0.5511478185653687,0
Q08,79,0.5513355731964111,1
Q08,74,0.5542539358139038,1
Q08,30,0.5587247014045715,0
Q08,23,0.5592527985572815,0
Q08,98,0.5598262548446655,0
Q08,21,0.5608280897140503,0
Q08,26,0.561135470867157,0
Q08,70,0.5614344477653503,0
Q08,17,0.5629668831825256,0
Q08,25,0.5638023614883423,0
Q08,59,0.5639195442199707,0
Q08,28,0.5643163323402405,0
Q08,80,0.5647860169410706,1
Q08,27,0.5664157867431641,0
Q08,89,0.568000316619873,0
Q08,66,0.568385124206543,0
Q08,16,0.568837583065033,0
Q08,5,0.570533812046051,0
Q08,45,0.5706819295883179,0
Q08,61,0.5731859803199768,0
Q08,100,0.5746217370033264,0
Q08,62,0.5749956965446472,0
Q08,6,0.5760986804962158,0
Q08,94,0.5762209296226501,0
Q08,63,0.5774613618850708,0
Q08,92,0.5776109099388123,0
Q08,12,0.5786638855934143,0
Q08,67,0.5796220898628235,0
Q08,49,0.5798733830451965,0
Q08,7,0.5806246399879456,0
Q08,24,0.580804705619812,0
Q08,20,0.5811651349067688,0
Q08,99,0.5817937850952148,0
Q08,29,0.5839502811431885,0
Q08,87,0.5860986709594727,0
Q08,38,0.5874258875846863,0
Q08,9,0.5874460339546204,0
Q08,82,0.5878117680549622,0
Q08,57,0.588324785232544,0
Q08,44,0.5888119339942932,0
Q08,11,0.5892391204833984,0
Q08,18,0.5900570154190063,0
Q08,19,0.5900838971138,0
Q08,33,0.5912061333656311,0
Q08,32,0.592162549495697,0
Q08,2,0.5929024815559387,0
Q08,97,0.5946223735809326,0
Q08,13,0.5947859883308411,0
Q08,88,0.6018153429031372,0
Q08,39,0.6027584671974182,0
Q08,53,0.6086990833282471,0
Q08,93,0.6088086366653442,0
Q08,40,0.6112095713615417,0
Q08,55,0.6112488508224487,0
Q08,84,0.6112645268440247,0
Q08,81,0.6168726682662964,0
Q08,42,0.6177237629890442,0
Q08,54,0.6178147196769714,0
Q08,52,0.6180007457733154,0
Q08,47,0.6197442412376404,0
Q08,41,0.6209093332290649,0
Q08,48,0.6213338971138,0
Q08,69,0.622839093208313,0
Q08,85,0.6238782405853271,0
Q08,68,0.6239833235740662,0
Q08,14,0.6241323351860046,0
Q08,65,0.6259596943855286,0
Q08,60,0.6426366567611694,0
Q08,35,0.6442698836326599,0
Q08,56,0.6495761871337891,0
Q08,37,0.6713429689407349,0
Q08,86,0.6736173033714294,0
Q09,82,0.30311787128448486,1
Q09,83,0.3700130879878998,1
Q09,89,0.3764534890651703,1
Q09,84,0.39716407656669617,1
Q09,81,0.40538790822029114,1
Q09,78,0.43335410952568054,0
Q09,90,0.43942129611968994,1
Q09,88,0.45891237258911133,1
Q09,98,0.4645896852016449,0
Q09,26,0.4717128872871399,0
Q09,30,0.473273366689682,0
Q09,22,0.47520798444747925,0
Q09,73,0.47584715485572815,0
Q09,3,0.4760420620441437,0
Q09,86,0.4768369495868683,1
Q09,25,0.47965139150619507,0
Q09,21,0.4811692237854004,0
Q09,85,0.48382437229156494,1
Q09,10,0.4932706654071808,0
Q09,18,0.4934755563735962,0
Q09,27,0.49385252594947815,0
Q09,28,0.4998251795768738,0
Q09,20,0.49991288781166077,0
Q09,5,0.503383219242096,0
Q09,77,0.5045766830444336,0
Q09,29,0.5086049437522888,0
Q09,87,0.5100488066673279,1
Q09,96,0.5133184790611267,0
Q09,23,0.5183120369911194,0
Q09,76,0.5187348127365112,0
Q09,2,0.5245586037635803,0
Q09,4,0.5253564715385437,0
Q09,59,0.5268636345863342,0
Q09,17,0.5308423042297363,0
Q09,61,0.5310149192810059,0
Q09,9,0.5326979756355286,0
Q09,92,0.5329250693321228,0
Q09,8,0.5334406495094299,0
Q09,24,0.5345211029052734,0
Q09,70,0.5346832275390625,0
Q09,31,0.5348217487335205,0
Q09,54,0.5348497033119202,0
Q09,36,0.5361946225166321,0
Q09,38,0.5383623838424683,0
Q09,74,0.5398309826850891,0
Q09,100,0.5402389168739319,0
Q09,71,0.5407769680023193,0
Q09,64,0.543558657169342,0
Q09,58,0.5444430112838745,0
Q09,16,0.5445410013198853,0
Q09,34,0.5458487272262573,0
Q09,66,0.5466915965080261,0
Q09,75,0.5476992130279541,0
Q09,47,0.5480698347091675,0
Q09,56,0.548957109451294,0
Q09,32,0.5495443344116211,0
Q09,13,0.5515163540840149,0
Q09,91,0.5516841411590576,0
Q09,19,0.5536336898803711,0
Q09,33,0.5551222562789917,0
Q09,35,0.5556564927101135,0
Q09,11,0.5558288097381592,0
Q09,51,0.5569440722465515,0
Q09,93,0.5571670532226562,0
Q09,7,0.5581949949264526,0
Q09,80,0.5582478046417236,0
Q09,6,0.558732807636261,0
Q09,46,0.5590924024581909,0
Q09,15,0.559805154800415,0
Q09,40,0.5598695874214172,0
Q09,79,0.5607859492301941,0
Q09,37,0.5619552135467529,0
Q09,60,0.5652589201927185,0
Q09,65,0.5655843615531921,0
Q09,44,0.5663132071495056,0
Q09,39,0.5673397183418274,0
Q09,12,0.5689882636070251,0
Q09,99,0.5704491138458252,0
Q09,72,0.5712302327156067,0
Q09,52,0.5712736248970032,0
Q09,14,0.5719613432884216,0
Q09,50,0.5729932188987732,0
Q09,62,0.5735534429550171,0
Q09,57,0.5741204619407654,0
Q09,67,0.5765075087547302,0
Q09,55,0.5765373110771179,0
Q09,1,0.5768564939498901,0
Q09,49,0.5783165097236633,0
Q09,94,0.5801199078559875,0
Q09,45,0.5829970836639404,0
Q09,69,0.5843412280082703,0
Q09,95,0.5894429683685303,0
Q09,53,0.590975821018219,0
Q09,43,0.5976834893226624,0
Q09,68,0.5993647575378418,0
Q09,97,0.6008496284484863,0
Q09,48,0.6023110151290894,0
Q09,63,0.6054606437683105,0
Q09,41,0.6275743842124939,0
Q09,42,0.6395101547241211,0
Q10,91,0.2344781756401062,1
Q10,1,0.25179049372673035,0
Q10,8,0.30823859572410583,0
Q10,92,0.3308616578578949,1
Q10,62,0.34427812695503235,0
Q10,43,0.3476465046405792,0
Q10,100,0.36678141355514526,1
Q10,95,0.3697468340396881,1
Q10,9,0.3913595676422119,0
Q10,96,0.39373794198036194,1
Q10,34,0.3970702290534973,0
Q10,46,0.4179714322090149,0
Q10,73,0.4281221330165863,0
Q10,99,0.43032190203666687,1
Q10,97,0.4321628510951996,1
Q10,93,0.4344503581523895,1
Q10,61,0.4392421841621399,0
Q10,49,0.44155755639076233,0
Q10,2,0.44247716665267944,0
Q10,67,0.4446990191936493,0
Q10,65,0.4497397840023041,0
Q10,72,0.45099204778671265,0
Q10,63,0.45137232542037964,0
Q10,52,0.4527463912963867,0
Q10,58,0.45383918285369873,0
Q10,33,0.4551207721233368,0
Q10,71,0.4577948749065399,0
Q10,42,0.4589737355709076,0
Q10,78,0.46232470870018005,0
Q10,39,0.4626052975654602,0
Q10,29,0.4640771448612213,0
Q10,47,0.46597474813461304,0
Q10,21,0.46764689683914185,0
Q10,45,0.47072044014930725,0
Q10,77,0.47169172763824463,0
Q10,79,0.4729863405227661,0
Q10,94,0.4744611084461212,1
Q10,6,0.47554704546928406,0
Q10,98,0.480309396982193,1
Q10,3,0.4803384244441986,0
Q10,74,0.48134756088256836,0
Q10,36,0.4821470379829407,0
Q10,7,0.4824264347553253,0
Q10,27,0.48257705569267273,0
Q10,12,0.4829527735710144,0
Q10,31,0.48424339294433594,0
Q10,80,0.4854852557182312,0
Q10,18,0.486169695854187,0
Q10,64,0.4869147539138794,0
Q10,57,0.48694178462028503,0
Q10,51,0.4879213869571686,0
Q10,54,0.4893888831138611,0
Q10,75,0.4911494851112366,0
Q10,23,0.49203160405158997,0
Q10,66,0.4923030436038971,0
Q10,40,0.4928285479545593,0
Q10,70,0.49379223585128784,0
Q10,50,0.49431660771369934,0
Q10,89,0.49492910504341125,0
Q10,16,0.49599146842956543,0
Q10,4,0.4967610538005829,0
Q10,69,0.5001106262207031,0
Q10,22,0.5017579197883606,0
Q10,10,0.5018830299377441,0
Q10,56,0.5021163821220398,0
Q10,13,0.5031178593635559,0
Q10,87,0.5037607550621033,0
Q10,5,0.5055955648422241,0
Q10,32,0.505812406539917,0
Q10,38,0.5060272216796875,0
Q10,76,0.5072658061981201,0
Q10,35,0.508651852607727,0
Q10,90,0.5089770555496216,0
Q10,15,0.510750412940979,0
Q10,20,0.512079656124115,0
Q10,19,0.5123810172080994,0
Q10,25,0.5141354203224182,0
Q10,26,0.5142455697059631,0
Q10,68,0.514682412147522,0
Q10,44,0.5266437530517578,0
Q10,60,0.5284242630004883,0
Q10,41,0.530900239944458,0
Q10,82,0.5313460826873779,0
Q10,81,0.5321929454803467,0
Q10,86,0.5332825779914856,0
Q10,11,0.5339092016220093,0
Q10,17,0.5386197566986084,0
Q10,59,0.5388785004615784,0
Q10,37,0.5413322448730469,0
Q10,53,0.5426274538040161,0
Q10,14,0.5468528270721436,0
Q10,24,0.5469954013824463,0
Q10,83,0.5491827130317688,0
Q10,84,0.550669252872467,0
Q10,48,0.5512442588806152,0
Q10,30,0.5611357092857361,0
Q10,28,0.5647501945495605,0
Q10,85,0.5702500343322754,0
Q10,55,0.5928651094436646,0
Q10,88,0.6117535829544067,0
Q11,70,0.4530680477619171,0
Q11,9,0.4661295711994171,1
Q11,21,0.4706655442714691,0
Q11,61,0.47374460101127625,0
Q11,2,0.4748786687850952,1
Q11,67,0.47762614488601685,0
Q11,10,0.4813990592956543,1
Q11,74,0.4885912835597992,0
Q11,69,0.49146267771720886,0
Q11,62,0.49228188395500183,0
Q11,91,0.4990063011646271,0
Q11,1,0.5019341707229614,1
Q11,34,0.505520761013031,0
Q11,89,0.5058718919754028,0
Q11,65,0.5069990754127502,0
Q11,90,0.5135490894317627,0
Q11,81,0.514479398727417,0
Q11,64,0.5145611763000488,0
Q11,31,0.5161691308021545,0
Q11,43,0.5179082751274109,0
Q11,66,0.5185136795043945,0
Q11,97,0.5219117403030396,0
Q11,7,0.5219642519950867,1
Q11,46,0.5253161191940308,0
Q11,33,0.5253987908363342,0
Q11,51,0.5257836580276489,0
Q11,6,0.5265941619873047,1
Q11,22,0.5291141867637634,0
Q11,39,0.5296772718429565,0
Q11,98,0.5302874445915222,0
Q11,3,0.5326208472251892,1
Q11,93,0.5329724550247192,0
Q11,75,0.5347533822059631,0
Q11,38,0.5360192656517029,0
Q11,29,0.5374234318733215,0
Q11,80,0.5383629202842712,0
Q11,78,0.5389302372932434,0
Q11,96,0.5396906137466431,0
Q11,95,0.5416343808174133,0
Q11,12,0.541652262210846,0
Q11,23,0.5423195362091064,0
Q11,16,0.5426422953605652,0
Q11,57,0.5432541966438293,0
Q11,63,0.5460307002067566,0
Q11,52,0.5483784079551697,0
Q11,87,0.5488751530647278,0
Q11,77,0.5523658394813538,0
Q11,19,0.5523896813392639,0
Q11,79,0.5534698963165283,0
Q11,68,0.5545972585678101,0
Q11,73,0.555866003036499,0
Q11,71,0.5585641264915466,0
Q11,8,0.5593673586845398,1
Q11,20,0.5620940327644348,0
Q11,56,0.5631135702133179,0
Q11,36,0.5634233951568604,0
Q11,86,0.5650691986083984,0
Q11,35,0.5658544301986694,0
Q11,4,0.5669558048248291,1
Q11,13,0.5679776072502136,0
Q11,27,0.5682507753372192,0
Q11,99,0.5715287327766418,0
Q11,84,0.571648120880127,0
Q11,72,0.5726268291473389,0
Q11,37,0.5747154951095581,0
Q11,18,0.5752784013748169,0
Q11,94,0.5764675140380859,0
Q11,49,0.5774751305580139,0
Q11,26,0.5780177712440491,0
Q11,92,0.5834007859230042,0
Q11,5,0.5836813449859619,1
Q11,40,0.5883046984672546,0
Q11,58,0.5887916088104248,0
Q11,17,0.5912766456604004,0
Q11,82,0.5923929810523987,0
Q11,88,0.5926088094711304,0
Q11,30,0.5936097502708435,0
Q11,48,0.5957003235816956,0
Q11,47,0.5959817171096802,0
Q11,59,0.5969983339309692,0
Q11,54,0.6020272970199585,0
Q11,50,0.6025592684745789,0
Q11,32,0.6029207110404968,0
Q11,14,0.6057590246200562,0
Q11,25,0.6092616319656372,0
Q11,76,0.6104999780654907,0
Q11,100,0.6108530759811401,0
Q11,45,0.6126110553741455,0
Q11,11,0.6141713857650757,0
Q11,28,0.6176896691322327,0
Q11,83,0.6214113235473633,0
Q11,42,0.6256294250488281,0
Q11,41,0.6269393563270569,0
Q11,53,0.6270520091056824,0
Q11,60,0.6275577545166016,0
Q11,15,0.6282286047935486,0
Q11,24,0.6294658184051514,0
Q11,55,0.662081778049469,0
Q11,85,0.6663262248039246,0
Q11,44,0.7038791179656982,0
Q12,89,0.36845359206199646,0
Q12,73,0.3769066631793976,0
Q12,25,0.4253585636615753,1
Q12,57,0.43236270546913147,0
Q12,27,0.4353863000869751,1
Q12,78,0.4405418634414673,0
Q12,90,0.44219672679901123,0
Q12,22,0.4445868134498596,1
Q12,16,0.44874605536460876,0
Q12,23,0.449211448431015,1
Q12,28,0.45360562205314636,1
Q12,35,0.4544581174850464,0
Q12,24,0.45523080229759216,1
Q12,30,0.46191635727882385,1
Q12,98,0.46366947889328003,0
Q12,9,0.46791306138038635,0
Q12,26,0.4699116051197052,1
Q12,21,0.4700676500797272,1
Q12,82,0.482103168964386,0
Q12,19,0.485513299703598,0
Q12,7,0.48608267307281494,0
Q12,40,0.4872971475124359,0
Q12,66,0.4876771867275238,0
Q12,93,0.49119123816490173,0
Q12,29,0.49187225103378296,1
Q12,3,0.4925963878631592,0
Q12,13,0.49266764521598816,0
Q12,15,0.49465352296829224,0
Q12,79,0.4964407980442047,0
Q12,58,0.49834248423576355,0
Q12,51,0.4992675483226776,0
Q12,46,0.49929529428482056,0
Q12,38,0.5002204775810242,0
Q12,62,0.5005282759666443,0
Q12,86,0.5025738477706909,0
Q12,83,0.5036716461181641,0
Q12,77,0.5050874352455139,0
Q12,12,0.5051698684692383,0
Q12,17,0.5081541538238525,0
Q12,11,0.5098055005073547,0
Q12,87,0.5101814270019531,0
Q12,18,0.5131592750549316,0
Q12,59,0.5136208534240723,0
Q12,20,0.5138073563575745,0
Q12,76,0.5138203501701355,0
Q12,14,0.5138311386108398,0
Q12,45,0.5157416462898254,0
Q12,61,0.5176063179969788,0
Q12,99,0.5184077024459839,0
Q12,31,0.5191459059715271,0
Q12,4,0.5203006267547607,0
Q12,10,0.522541880607605,0
Q12,100,0.5234107971191406,0
Q12,47,0.5250447392463684,0
Q12,92,0.5253733992576599,0
Q12,5,0.5271374583244324,0
Q12,80,0.5296036601066589,0
Q12,75,0.5296966433525085,0
Q12,60,0.5319449305534363,0
Q12,70,0.5328835248947144,0
Q12,54,0.5339722633361816,0
Q12,36,0.5341618061065674,0
Q12,85,0.5349305272102356,0
Q12,33,0.5351885557174683,0
Q12,65,0.5361974239349365,0
Q12,6,0.5377051830291748,0
Q12,39,0.5377487540245056,0
Q12,64,0.5388162136077881,0
Q12,67,0.5397396087646484,0
Q12,8,0.5422332286834717,0
Q12,32,0.5428494811058044,0
Q12,63,0.5432984828948975,0
Q12,96,0.5436718463897705,0
Q12,43,0.5441518425941467,0
Q12,34,0.5460860729217529,0
Q12,81,0.5467889308929443,0
Q12,37,0.547955334186554,0
Q12,71,0.548836886882782,0
Q12,72,0.548975944519043,0
Q12,91,0.5520421862602234,0
Q12,74,0.5522117018699646,0
Q12,55,0.5522239208221436,0
Q12,1,0.557471752166748,0
Q12,97,0.5611761212348938,0
Q12,49,0.5617690682411194,0
Q12,2,0.5623177289962769,0
Q12,52,0.5649922490119934,0
Q12,69,0.5655297040939331,0
Q12,95,0.56623375415802,0
Q12,56,0.5669594407081604,0
Q12,84,0.5703062415122986,0
Q12,53,0.5717487335205078,0
Q12,68,0.5761424899101257,0
Q12,88,0.5789687037467957,0
Q12,44,0.582747220993042,0
Q12,41,0.5843192338943481,0
Q12,94,0.5935952663421631,0
Q12,50,0.5949205756187439,0
Q12,48,0.605414867401123,0
Q12,42,0.6389864683151245,0
Q13,46,0.3631306290626526,1
Q13,96,0.37234577536582947,0
Q13,43,0.38829004764556885,1
Q13,15,0.389496386051178,0
Q13,10,0.3969196379184723,0
Q13,32,0.4051479697227478,0
Q13,50,0.40640363097190857,1
Q13,1,0.40871861577033997,0
Q13,45,0.42493802309036255,1
Q13,58,0.4363015592098236,0
Q13,92,0.43738362193107605,0
Q13,34,0.44151726365089417,0
Q13,95,0.44181227684020996,0
Q13,21,0.4423444867134094,0
Q13,48,0.4425126016139984,1
Q13,94,0.4440753757953644,0
Q13,91,0.4494030773639679,0
Q13,49,0.4545125365257263,1
Q13,42,0.4615764021873474,1
Q13,24,0.46176138520240784,0
Q13,2,0.46235570311546326,0
Q13,26,0.46564391255378723,0
Q13,47,0.4668050706386566,1
Q13,72,0.4706726372241974,0
Q13,100,0.4717889428138733,0
Q13,44,0.4757169187068939,1
Q13,3,0.47584253549575806,0
Q13,64,0.4775678217411041,0
Q13,6,0.47924119234085083,0
Q13,87,0.47973549365997314,0
Q13,80,0.4819449782371521,0
Q13,62,0.48213109374046326,0
Q13,78,0.48502838611602783,0
Q13,8,0.485165536403656,0
Q13,29,0.4867929220199585,0
Q13,27,0.4880976676940918,0
Q13,56,0.4910995662212372,0
Q13,51,0.49215349555015564,0
Q13,22,0.4937385618686676,0
Q13,97,0.49521082639694214,0
Q13,30,0.4957335889339447,0
Q13,71,0.4996494948863983,0
Q13,60,0.5002245903015137,0
Q13,75,0.5003392696380615,0
Q13,4,0.5008373260498047,0
Q13,36,0.5010019540786743,0
Q13,9,0.5017036199569702,0
Q13,90,0.502197802066803,0
Q13,63,0.5034439563751221,0
Q13,54,0.5062439441680908,0
Q13,52,0.506295382976532,0
Q13,41,0.5066814422607422,1
Q13,76,0.5070314407348633,0
Q13,77,0.50990229845047,0
Q13,61,0.5103963613510132,0
Q13,23,0.5104548335075378,0
Q13,98,0.5108824968338013,0
Q13,73,0.5116330981254578,0
Q13,89,0.5129221677780151,0
Q13,31,0.5129522681236267,0
Q13,70,0.5140606760978699,0
Q13,82,0.5149599313735962,0
Q13,68,0.5157884955406189,0
Q13,83,0.5173357129096985,0
Q13,66,0.5177391171455383,0
Q13,79,0.5251179337501526,0
Q13,99,0.5257293581962585,0
Q13,39,0.5260772109031677,0
Q13,67,0.5297529101371765,0
Q13,16,0.531389057636261,0
Q13,33,0.5315161943435669,0
Q13,74,0.5326834321022034,0
Q13,65,0.5327374339103699,0
Q13,13,0.533035397529602,0
Q13,7,0.5331146121025085,0
Q13,5,0.5351208448410034,0
Q13,25,0.5356814861297607,0
Q13,84,0.5385575890541077,0
Q13,85,0.5386765003204346,0
Q13,12,0.53885817527771,0
Q13,81,0.5411654114723206,0
Q13,86,0.5429884791374207,0
Q13,69,0.5468257069587708,0
Q13,28,0.5477921962738037,0
Q13,57,0.551658034324646,0
Q13,93,0.5553542971611023,0
Q13,59,0.5619210004806519,0
Q13,14,0.5621030330657959,0
Q13,55,0.5652260184288025,0
Q13,40,0.565904438495636,0
Q13,88,0.5676941275596619,0
Q13,38,0.5680711269378662,0
Q13,20,0.5696629285812378,0
Q13,19,0.573739230632782,0
Q13,35,0.5805301666259766,0
Q13,11,0.5808579325675964,0
Q13,18,0.5811545252799988,0
Q13,53,0.5836109519004822,0
Q13,37,0.5981003046035767,0
Q13,17,0.6104440689086914,0
Q14,13,0.39228692650794983,1
Q14,16,0.39427608251571655,1
Q14,17,0.4037932753562927,1
Q14,98,0.4048735499382019,0
Q14,89,0.4051147997379303,0
Q14,27,0.40724295377731323,0
Q14,19,0.40859314799308777,1
Q14,11,0.41069868206977844,1
Q14,14,0.41932693123817444,1
Q14,30,0.4227544069290161,0
Q14,23,0.4241337180137634,0
Q14,73,0.4243863523006439,0
Q14,12,0.42446669936180115,1
Q14,22,0.4277086853981018,0
Q14,26,0.428948312997818,0
Q14,28,0.4373925030231476,0
Q14,29,0.4374552369117737,0
Q14,25,0.4376998543739319,0
Q14,82,0.44126296043395996,0
Q14,59,0.4427776336669922,0
Q14,20,0.444862425327301,1
Q14,78,0.4450632929801941,0
Q14,90,0.4488387405872345,0
Q14,35,0.45010101795196533,0
Q14,93,0.45078498125076294,0
Q14,60,0.45369604229927063,0
Q14,51,0.45479702949523926,0
Q14,86,0.45530152320861816,0
Q14,7,0.4584968388080597,0
Q14,38,0.4648129642009735,0
Q14,18,0.467347651720047,1
Q14,83,0.4674484431743622,0
Q14,57,0.4694673418998718,0
Q14,77,0.4752487242221832,0
Q14,5,0.47646480798721313,0
Q14,92,0.4805208444595337,0
Q14,85,0.48158732056617737,0
Q14,79,0.4828495383262634,0
Q14,21,0.4836578369140625,0
Q14,75,0.48856502771377563,0
Q14,6,0.4937015771865845,0
Q14,54,0.4943123459815979,0
Q14,31,0.4955816864967346,0
Q14,87,0.49728140234947205,0
Q14,3,0.4992958605289459,0
Q14,9,0.500219464302063,0
Q14,76,0.502109169960022,0
Q14,32,0.5056678056716919,0
Q14,24,0.5066246390342712,0
Q14,53,0.5071451663970947,0
Q14,96,0.5078698992729187,0
Q14,55,0.5085400342941284,0
Q14,81,0.5108631253242493,0
Q14,88,0.5122594833374023,0
Q14,8,0.5130012035369873,0
Q14,99,0.5151705741882324,0
Q14,46,0.5163014531135559,0
Q14,97,0.5169737339019775,0
Q14,39,0.5175592303276062,0
Q14,10,0.5191117525100708,0
Q14,40,0.5204652547836304,0
Q14,100,0.5206468105316162,0
Q14,67,0.5225229859352112,0
Q14,84,0.5249810218811035,0
Q14,70,0.5255712866783142,0
Q14,58,0.5264894962310791,0
Q14,34,0.5265390872955322,0
Q14,65,0.5271010398864746,0
Q14,62,0.5283735394477844,0
Q14,52,0.5283886790275574,0
Q14,47,0.5307586193084717,0
Q14,45,0.5312645435333252,0
Q14,33,0.531470775604248,0
Q14,72,0.5335003733634949,0
Q14,66,0.5355836153030396,0
Q14,80,0.5378156900405884,0
Q14,49,0.5464552044868469,0
Q14,15,0.5481790900230408,1
Q14,56,0.5506489872932434,0
Q14,74,0.5517323017120361,0
Q14,69,0.5568374395370483,0
Q14,4,0.5612056851387024,0
Q14,37,0.5622833967208862,0
Q14,91,0.5662870407104492,0
Q14,68,0.5710437297821045,0
Q14,2,0.5730581879615784,0
Q14,64,0.5733636021614075,0
Q14,43,0.5735056400299072,0
Q14,36,0.5761423110961914,0
Q14,61,0.5765619277954102,0
Q14,63,0.5766000747680664,0
Q14,94,0.5814716815948486,0
Q14,41,0.5884147882461548,0
Q14,95,0.5907803177833557,0
Q14,71,0.5947588682174683,0
Q14,1,0.6069024205207825,0
Q14,48,0.6144989728927612,0
Q14,42,0.6168515086174011,0
Q14,44,0.6230257749557495,0
Q14,50,0.6257261037826538,0
Q15,31,0.40128204226493835,1
Q15,5,0.4172230660915375,0
Q15,90,0.4318370521068573,0
Q15,97,0.44482094049453735,0
Q15,80,0.4468672573566437,0
Q15,26,0.44996950030326843,0
Q15,73,0.4521690011024475,0
Q15,67,0.47287362813949585,0
Q15,91,0.4746663570404053,0
Q15,39,0.4790620505809784,1
Q15,100,0.48129576444625854,0
Q15,19,0.4834674298763275,0
Q15,28,0.48397135734558105,0
Q15,78,0.4894539415836334,0
Q15,20,0.4895881414413452,0
Q15,83,0.49639177322387695,0
Q15,27,0.49823424220085144,0
Q15,43,0.500613272190094,0
Q15,17,0.5014244318008423,0
Q15,1,0.5047217607498169,0
Q15,25,0.5058373808860779,0
Q15,72,0.5064424872398376,0
Q15,96,0.5067239999771118,0
Q15,99,0.5089582800865173,0
Q15,33,0.5093815326690674,1
Q15,62,0.5121264457702637,0
Q15,47,0.5134748816490173,0
Q15,98,0.515406608581543,0
Q15,29,0.5159180164337158,0
Q15,85,0.5183801651000977,0
Q15,7,0.5227792859077454,0
Q15,32,0.5246797204017639,1
Q15,77,0.5247266888618469,0
Q15,21,0.5249865055084229,0
Q15,59,0.5260620713233948,0
Q15,16,0.528337299823761,0
Q15,92,0.5299788117408752,0
Q15,36,0.5301191210746765,1
Q15,3,0.5304835438728333,0
Q15,79,0.533466100692749,0
Q15,34,0.5335333943367004,1
Q15,38,0.5339382290840149,1
Q15,54,0.5354559421539307,0
Q15,8,0.5360443592071533,0
Q15,22,0.5383250713348389,0
Q15,46,0.5389922857284546,0
Q15,18,0.539795458316803,0
Q15,23,0.5411406755447388,0
Q15,15,0.5414445996284485,0
Q15,95,0.5433719158172607,0
Q15,65,0.5436281561851501,0
Q15,82,0.5461534261703491,0
Q15,76,0.546576976776123,0
Q15,87,0.5474334359169006,0
Q15,13,0.549836277961731,0
Q15,81,0.5510200262069702,0
Q15,86,0.5515902042388916,0
Q15,75,0.5533355474472046,0
Q15,60,0.5548511743545532,0
Q15,58,0.555050790309906,0
Q15,37,0.5560702681541443,1
Q15,45,0.5561704635620117,0
Q15,12,0.5567169785499573,0
Q15,55,0.5579690933227539,0
Q15,11,0.5580178499221802,0
Q15,52,0.5597435235977173,0
Q15,49,0.5605009198188782,0
Q15,71,0.5633637309074402,0
Q15,42,0.5645992159843445,0
Q15,24,0.5659068822860718,0
Q15,70,0.5672956705093384,0
Q15,2,0.568652868270874,0
Q15,48,0.5686831474304199,0
Q15,14,0.568891704082489,0
Q15,30,0.5693891644477844,0
Q15,74,0.5703372955322266,0
Q15,84,0.5710439682006836,0
Q15,10,0.572317898273468,0
Q15,56,0.5740678906440735,0
Q15,40,0.5756534934043884,1
Q15,93,0.5772749185562134,0
Q15,94,0.5795879364013672,0
Q15,44,0.5799452662467957,0
Q15,89,0.5825835466384888,0
Q15,6,0.5882943272590637,0
Q15,57,0.5886096358299255,0
Q15,64,0.5917068123817444,0
Q15,69,0.5920752286911011,0
Q15,9,0.5927032232284546,0
Q15,68,0.5963432788848877,0
Q15,63,0.5969432592391968,0
Q15,61,0.5975582003593445,0
Q15,66,0.5991814136505127,0
Q15,4,0.6105132102966309,0
Q15,50,0.6107224225997925,0
Q15,53,0.6156855225563049,0
Q15,41,0.6170344948768616,0
Q15,51,0.6254421472549438,0
Q15,35,0.6276952028274536,1
Q15,88,0.6574775576591492,0
Q16,57,0.5791183710098267,0
Q16,13,0.5792570114135742,0
Q16,28,0.5829690098762512,0
Q16,3,0.5835502743721008,0
Q16,19,0.594559907913208,0
Q16,16,0.5966436266899109,0
Q16,27,0.5973262786865234,0
Q16,63,0.5977553129196167,0
Q16,73,0.5980942249298096,0
Q16,34,0.5987436175346375,0
Q16,75,0.6024044156074524,0
Q16,59,0.6072632074356079,0
Q16,29,0.6098893880844116,0
Q16,26,0.6132586002349854,0
Q16,76,0.614007294178009,0
Q16,72,0.6145265102386475,0
Q16,22,0.6146290898323059,0
Q16,82,0.6158009171485901,0
Q16,68,0.6160292029380798,0
Q16,38,0.6177168488502502,0
Q16,12,0.6253070831298828,0
Q16,46,0.6260712742805481,0
Q16,90,0.6268326640129089,0
Q16,52,0.6295095682144165,0
Q16,81,0.6304932236671448,0
Q16,25,0.6321341395378113,0
Q16,21,0.6325529217720032,0
Q16,11,0.6329580545425415,0
Q16,89,0.6353286504745483,0
Q16,66,0.6373803019523621,0
Q16,5,0.6377696990966797,0
Q16,35,0.6379315853118896,0
Q16,85,0.6388543844223022,0
Q16,92,0.6389963626861572,0
Q16,78,0.6390646696090698,0
Q16,20,0.6395570635795593,0
Q16,98,0.6398133635520935,0
Q16,17,0.6399200558662415,0
Q16,87,0.6400167942047119,0
Q16,9,0.6410195827484131,0
Q16,18,0.6412439346313477,0
Q16,95,0.6436922550201416,0
Q16,61,0.6442473530769348,0
Q16,23,0.6445537805557251,0
Q16,50,0.6475424766540527,0
Q16,83,0.6486358046531677,0
Q16,54,0.649928092956543,0
Q16,15,0.6505053043365479,0
Q16,4,0.6505813598632812,0
Q16,14,0.6507110595703125,0
Q16,8,0.6509443521499634,0
Q16,56,0.6512271165847778,0
Q16,79,0.6539571285247803,0
Q16,86,0.6547164916992188,0
Q16,40,0.6549145579338074,0
Q16,32,0.6562042236328125,0
Q16,60,0.6562258005142212,0
Q16,80,0.6568029522895813,0
Q16,93,0.6584223508834839,0
Q16,67,0.6592456102371216,0
Q16,55,0.6603230237960815,0
Q16,69,0.661717414855957,0
Q16,39,0.661993682384491,0
Q16,88,0.6627438068389893,0
Q16,100,0.6631295680999756,0
Q16,31,0.6651764512062073,0
Q16,45,0.6657598614692688,0
Q16,77,0.6661648154258728,0
Q16,97,0.666942834854126,0
Q16,62,0.6683000922203064,0
Q16,64,0.6689265370368958,0
Q16,51,0.6690762639045715,0
Q16,33,0.6702771782875061,0
Q16,30,0.6703540086746216,0
Q16,10,0.6728913187980652,0
Q16,94,0.6733953952789307,0
Q16,65,0.6745175719261169,0
Q16,96,0.6745801568031311,0
Q16,36,0.6748102307319641,0
Q16,2,0.6750696301460266,0
Q16,1,0.6773020625114441,0
Q16,42,0.6774469614028931,0
Q16,7,0.6784744262695312,0
Q16,24,0.6788515448570251,0
Q16,84,0.6793607473373413,0
Q16,6,0.6805521845817566,0
Q16,49,0.6823998689651489,0
Q16,43,0.6826534271240234,0
Q16,91,0.6866570711135864,0
Q16,47,0.6873999834060669,0
Q16,48,0.688940703868866,0
Q16,44,0.6940348744392395,0
Q16,70,0.6984166502952576,0
Q16,74,0.701948881149292,0
Q16,53,0.7030523419380188,0
Q16,37,0.7037004828453064,0
Q16,58,0.7175681591033936,0
Q16,41,0.7259814739227295,0
Q16,99,0.7273452877998352,0
Q16,71,0.7314432263374329,0
Q17,75,0.4924798607826233,0
Q17,46,0.504664421081543,0
Q17,28,0.5076190233230591,0
Q17,72,0.5098077058792114,0
Q17,3,0.5175847411155701,0
Q17,76,0.5273998975753784,0
Q17,68,0.532505452632904,0
Q17,82,0.5342578887939453,0
Q17,50,0.5354825258255005,0
Q17,96,0.543427050113678,0
Q17,63,0.5455400943756104,0
Q17,51,0.5459447503089905,0
Q17,90,0.5477991104125977,0
Q17,22,0.5506239533424377,0
Q17,8,0.551118791103363,0
Q17,73,0.5511637330055237,0
Q17,12,0.5534074306488037,0
Q17,23,0.5534982085227966,0
Q17,39,0.5569500923156738,0
Q17,27,0.5581604838371277,0
Q17,53,0.5602508187294006,0
Q17,59,0.5615862011909485,0
Q17,71,0.5626084804534912,0
Q17,15,0.5627001523971558,0
Q17,13,0.563809871673584,0
Q17,85,0.5642486810684204,0
Q17,78,0.5644190311431885,0
Q17,54,0.5646229386329651,0
Q17,89,0.5672051310539246,0
Q17,57,0.5679386258125305,0
Q17,43,0.5680235028266907,0
Q17,29,0.5690191984176636,0
Q17,11,0.5702724456787109,0
Q17,91,0.5719083547592163,0
Q17,35,0.5727461576461792,0
Q17,21,0.5734381675720215,0
Q17,31,0.5770553946495056,0
Q17,9,0.5773446559906006,0
Q17,80,0.5821319818496704,0
Q17,4,0.5832489728927612,0
Q17,25,0.5840322375297546,0
Q17,87,0.5851473808288574,0
Q17,48,0.585167646408081,0
Q17,14,0.5853329300880432,0
Q17,52,0.5857865214347839,0
Q17,40,0.5859719514846802,0
Q17,67,0.5864266753196716,0
Q17,10,0.5870208740234375,0
Q17,83,0.5889646410942078,0
Q17,92,0.590160608291626,0
Q17,84,0.5903878808021545,0
Q17,66,0.5907757878303528,0
Q17,38,0.5927696228027344,0
Q17,58,0.5932486057281494,0
Q17,95,0.5932843089103699,0
Q17,100,0.5948214530944824,0
Q17,64,0.5950537919998169,0
Q17,6,0.5954344868659973,0
Q17,88,0.5976382493972778,0
Q17,26,0.5980229377746582,0
Q17,62,0.5992290377616882,0
Q17,32,0.6002234220504761,0
Q17,98,0.6010922789573669,0
Q17,16,0.6017844676971436,0
Q17,49,0.6031168103218079,0
Q17,1,0.6034508347511292,0
Q17,18,0.6036407947540283,0
Q17,81,0.6046493053436279,0
Q17,74,0.6048623323440552,0
Q17,86,0.6052355766296387,0
Q17,70,0.6060854196548462,0
Q17,56,0.6077462434768677,0
Q17,33,0.6090850830078125,0
Q17,17,0.6092768311500549,0
Q17,7,0.6103717684745789,0
Q17,94,0.6105151176452637,0
Q17,24,0.6112861633300781,0
Q17,42,0.6125564575195312,0
Q17,60,0.6141542792320251,0
Q17,61,0.6149702072143555,0
Q17,30,0.6150858998298645,0
Q17,97,0.6153603196144104,0
Q17,5,0.615670919418335,0
Q17,19,0.6171191334724426,0
Q17,77,0.6173368096351624,0
Q17,79,0.6181179881095886,0
Q17,93,0.619670569896698,0
Q17,47,0.6206083297729492,0
Q17,69,0.6206937432289124,0
Q17,65,0.622507631778717,0
Q17,20,0.622666597366333,0
Q17,34,0.6341631412506104,0
Q17,36,0.6343251466751099,0
Q17,41,0.6343990564346313,0
Q17,2,0.6365600824356079,0
Q17,99,0.637929379940033,0
Q17,44,0.6411698460578918,0
Q17,55,0.6428075432777405,0
Q17,37,0.6506959795951843,0
Q17,45,0.6561416387557983,0
Q18,40,0.524451732635498,0
Q18,59,0.525909423828125,0
Q18,20,0.527241587638855,0
Q18,73,0.5288785696029663,0
Q18,39,0.5304092168807983,0
Q18,77,0.5424904823303223,0
Q18,96,0.5429115891456604,0
Q18,3,0.5430850386619568,0
Q18,28,0.5478600859642029,0
Q18,19,0.5484163165092468,0
Q18,7,0.5498715043067932,0
Q18,27,0.550146222114563,0
Q18,85,0.5520761609077454,0
Q18,100,0.5617385506629944,0
Q18,98,0.5621391534805298,0
Q18,83,0.5662983655929565,0
Q18,31,0.5667737722396851,0
Q18,43,0.5676727890968323,0
Q18,60,0.5677775740623474,0
Q18,97,0.5702773928642273,0
Q18,29,0.5724931955337524,0
Q18,72,0.5752333402633667,0
Q18,38,0.5815476179122925,0
Q18,8,0.5827775001525879,0
Q18,91,0.5857765078544617,0
Q18,92,0.5861458778381348,0
Q18,78,0.586536169052124,0
Q18,90,0.5874534249305725,0
Q18,22,0.5875781774520874,0
Q18,5,0.5900323390960693,0
Q18,26,0.5907197594642639,0
Q18,12,0.5909406542778015,0
Q18,82,0.5909463167190552,0
Q18,49,0.591280460357666,0
Q18,79,0.5932923555374146,0
Q18,75,0.5936087369918823,0
Q18,51,0.5947302579879761,0
Q18,46,0.5950357913970947,0
Q18,6,0.5954859256744385,0
Q18,89,0.5960166454315186,0
Q18,9,0.5963718295097351,0
Q18,11,0.596478283405304,0
Q18,21,0.5967729687690735,0
Q18,14,0.5978655219078064,0
Q18,17,0.5989363193511963,0
Q18,56,0.5992231369018555,0
Q18,65,0.6008018851280212,0
Q18,47,0.6021580100059509,0
Q18,69,0.6022544503211975,0
Q18,86,0.6055063605308533,0
Q18,30,0.6075748205184937,0
Q18,34,0.6105198264122009,0
Q18,63,0.6113256812095642,0
Q18,54,0.6115275025367737,0
Q18,32,0.6116756796836853,0
Q18,13,0.6117880940437317,0
Q18,33,0.6119958758354187,0
Q18,81,0.6141029000282288,0
Q18,23,0.6141941547393799,0
Q18,25,0.6144304871559143,0
Q18,42,0.6158484220504761,0
Q18,87,0.616651713848114,0
Q18,94,0.6205699443817139,0
Q18,76,0.6208261251449585,0
Q18,55,0.6220757365226746,0
Q18,52,0.6221008896827698,0
Q18,99,0.6228917837142944,0
Q18,67,0.6239150166511536,0
Q18,64,0.6240500211715698,0
Q18,93,0.6257919669151306,0
Q18,62,0.6258159279823303,0
Q18,18,0.6277788877487183,0
Q18,16,0.6278594732284546,0
Q18,61,0.634798526763916,0
Q18,35,0.6348979473114014,0
Q18,1,0.6352248787879944,0
Q18,37,0.6353358030319214,0
Q18,58,0.6355096697807312,0
Q18,15,0.6375696659088135,0
Q18,10,0.6399003863334656,0
Q18,57,0.6415155529975891,0
Q18,41,0.6444423794746399,0
Q18,80,0.6454786658287048,0
Q18,95,0.6456303596496582,0
Q18,74,0.6487287282943726,0
Q18,44,0.6519901752471924,0
Q18,36,0.6528047919273376,0
Q18,53,0.6549065113067627,0
Q18,84,0.6578590869903564,0
Q18,88,0.6579513549804688,0
Q18,2,0.6591044068336487,0
Q18,68,0.6597505211830139,0
Q18,70,0.6619387269020081,0
Q18,66,0.6630829572677612,0
Q18,24,0.6640365123748779,0
Q18,50,0.6747183203697205,0
Q18,48,0.6773055791854858,0
Q18,71,0.6864610910415649,0
Q18,4,0.6884407997131348,0
Q18,45,0.7033703327178955,0
Q19,16,0.5644819736480713,0
Q19,81,0.56790691614151,0
Q19,72,0.5695622563362122,0
Q19,90,0.5798559188842773,0
Q19,92,0.581339418888092,0
Q19,36,0.5814477205276489,0
Q19,45,0.582354724407196,0
Q19,82,0.5841036438941956,0
Q19,78,0.5849952697753906,0
Q19,76,0.586306631565094,0
Q19,6,0.586833655834198,0
Q19,7,0.5877523422241211,0
Q19,80,0.5883449912071228,0
Q19,29,0.5891091823577881,0
Q19,26,0.589880645275116,0
Q19,15,0.5942438244819641,0
Q19,98,0.5943412184715271,0
Q19,14,0.5945993661880493,0
Q19,95,0.5965052843093872,0
Q19,77,0.5980178713798523,0
Q19,59,0.6003116369247437,0
Q19,39,0.600608229637146,0
Q19,13,0.6017042994499207,0
Q19,56,0.6026382446289062,0
Q19,34,0.6027323603630066,0
Q19,33,0.6035183072090149,0
Q19,100,0.6039788126945496,0
Q19,12,0.6041857004165649,0
Q19,48,0.605376660823822,0
Q19,3,0.6066598892211914,0
Q19,73,0.6070480942726135,0
Q19,31,0.6084531545639038,0
Q19,19,0.609812319278717,0
Q19,79,0.610342800617218,0
Q19,75,0.6103538870811462,0
Q19,83,0.6107500791549683,0
Q19,50,0.6114649772644043,0
Q19,22,0.6128217577934265,0
Q19,96,0.6134812831878662,0
Q19,85,0.6156705617904663,0
Q19,46,0.6160871982574463,0
Q19,38,0.6162371635437012,0
Q19,89,0.6162634491920471,0
Q19,54,0.6170622706413269,0
Q19,32,0.6183066368103027,0
Q19,5,0.6187525391578674,0
Q19,25,0.6201951503753662,0
Q19,1,0.6228963136672974,0
Q19,28,0.6238303184509277,0
Q19,51,0.6247543692588806,0
Q19,18,0.6251940131187439,0
Q19,27,0.625868022441864,0
Q19,17,0.6262482404708862,0
Q19,47,0.627045214176178,0
Q19,69,0.6290165185928345,0
Q19,91,0.6302758455276489,0
Q19,49,0.6314538717269897,0
Q19,84,0.6336736679077148,0
Q19,41,0.6337173581123352,0
Q19,40,0.6341663002967834,0
Q19,11,0.6361582279205322,0
Q19,71,0.6363096833229065,0
Q19,43,0.6374558210372925,0
Q19,60,0.6401374936103821,0
Q19,30,0.6434797644615173,0
Q19,68,0.6439081430435181,0
Q19,24,0.6453375816345215,0
Q19,88,0.6461482644081116,0
Q19,10,0.6462655663490295,0
Q19,94,0.6464086174964905,0
Q19,99,0.6464125514030457,0
Q19,70,0.6482892632484436,0
Q19,21,0.6483709216117859,0
Q19,97,0.6486616134643555,0
Q19,87,0.6489118337631226,0
Q19,2,0.6505920886993408,0
Q19,9,0.6515152454376221,0
Q19,63,0.6523371338844299,0
Q19,37,0.6536867618560791,0
Q19,20,0.6563809514045715,0
Q19,23,0.656464159488678,0
Q19,62,0.6573134660720825,0
Q19,55,0.6576843857765198,0
Q19,86,0.6590079665184021,0
Q19,61,0.6616998910903931,0
Q19,42,0.6620441675186157,0
Q19,58,0.6627305150032043,0
Q19,57,0.6640589237213135,0
Q19,93,0.6644246578216553,0
Q19,44,0.664490282535553,0
Q19,67,0.6652364730834961,0
Q19,8,0.6670622229576111,0
Q19,66,0.6678270697593689,0
Q19,74,0.6690119504928589,0
Q19,65,0.6708648800849915,0
Q19,52,0.6725715398788452,0
Q19,4,0.6788203716278076,0
Q19,64,0.6849929690361023,0
Q19,53,0.6982330083847046,0
Q19,35,0.7379891276359558,0
Q20,26,0.41975948214530945,0
Q20,78,0.4292775094509125,0
Q20,59,0.4384786784648895,0
Q20,90,0.4485441744327545,0
Q20,19,0.4488453269004822,0
Q20,98,0.44961103796958923,0
Q20,89,0.45389336347579956,0
Q20,23,0.45795249938964844,0
Q20,38,0.45975515246391296,0
Q20,88,0.4611986577510834,0
Q20,82,0.46448880434036255,0
Q20,17,0.4647561311721802,0
Q20,83,0.4650571346282959,0
Q20,35,0.4702872633934021,0
Q20,25,0.4719523787498474,0
Q20,66,0.47249871492385864,0
Q20,27,0.47291338443756104,0
Q20,3,0.476665735244751,0
Q20,84,0.4810517728328705,0
Q20,13,0.4817374050617218,0
Q20,22,0.4826315939426422,0
Q20,30,0.48388153314590454,0
Q20,28,0.48447385430336,0
Q20,73,0.4885900616645813,0
Q20,14,0.4905036389827728,0
Q20,87,0.49344998598098755,0
Q20,18,0.4944209158420563,0
Q20,40,0.49659010767936707,0
Q20,70,0.49764326214790344,0
Q20,15,0.4979221820831299,0
Q20,75,0.4991825520992279,0
Q20,61,0.5012243986129761,0
Q20,81,0.5017899870872498,0
Q20,20,0.5024059414863586,0
Q20,24,0.5029117465019226,0
Q20,64,0.5041788220405579,0
Q20,16,0.5049092769622803,0
Q20,46,0.5049096345901489,0
Q20,67,0.5049272179603577,0
Q20,9,0.5053688287734985,0
Q20,21,0.5064135789871216,0
Q20,77,0.506487250328064,0
Q20,76,0.507682740688324,0
Q20,93,0.5097537040710449,0
Q20,4,0.509949266910553,0
Q20,86,0.5103821754455566,0
Q20,8,0.5124733448028564,0
Q20,39,0.5125015377998352,0
Q20,31,0.5152484774589539,0
Q20,85,0.5167325139045715,0
Q20,92,0.5174622535705566,0
Q20,96,0.5210228562355042,0
Q20,72,0.5212244987487793,0
Q20,6,0.521544873714447,0
Q20,60,0.5215604901313782,0
Q20,7,0.522111177444458,0
Q20,36,0.5232724547386169,0
Q20,57,0.523658037185669,0
Q20,12,0.5275265574455261,0
Q20,5,0.5287269353866577,0
Q20,55,0.5300828814506531,0
Q20,11,0.5316162109375,0
Q20,100,0.5321062207221985,0
Q20,10,0.5321815609931946,0
Q20,49,0.5326191186904907,0
Q20,52,0.5352568626403809,0
Q20,32,0.5380237698554993,0
Q20,79,0.5386532545089722,0
Q20,47,0.5404160618782043,0
Q20,33,0.5404425263404846,0
Q20,95,0.5409334301948547,0
Q20,91,0.5409479737281799,0
Q20,2,0.5409647822380066,0
Q20,50,0.5422708988189697,0
Q20,62,0.5437902808189392,0
Q20,68,0.5443233251571655,0
Q20,34,0.5453342795372009,0
Q20,51,0.5455959439277649,0
Q20,71,0.5458646416664124,0
Q20,65,0.5460400581359863,0
Q20,41,0.5460577607154846,0
Q20,43,0.5461702346801758,0
Q20,74,0.5468685030937195,0
Q20,29,0.5520324110984802,0
Q20,1,0.5533407330513,0
Q20,58,0.554939866065979,0
Q20,80,0.5550790429115295,0
Q20,44,0.5563780665397644,0
Q20,63,0.5587059855461121,0
Q20,99,0.5589707493782043,0
Q20,69,0.5590417981147766,0
Q20,56,0.5602343082427979,0
Q20,94,0.5635786652565002,0
Q20,45,0.563926100730896,0
Q20,37,0.5722215175628662,0
Q20,53,0.5801478624343872,0
Q20,97,0.5831522345542908,0
Q20,54,0.5836426615715027,0
Q20,48,0.6050735116004944,0
Q20,42,0.609222948551178,0
